Subject,No,Section_Number,Student_id
BLGM,3390,716,64
BLGM,3390,716,73
BLGM,3390,716,114
BLGM,3390,716,126
BLGM,3390,716,152
BLGM,3390,716,173
BLGM,3390,716,322
BLGM,3390,716,359
BLGM,3390,716,370
BLGM,3390,716,569
BLGM,3390,716,570
BLGM,3390,716,599
BLGM,3390,716,645
BLGM,3390,716,709
BLGM,3390,716,753
EUKS,4520,369,2
EUKS,4520,369,3
EUKS,4520,369,5
EUKS,4520,369,6
EUKS,4520,369,7
EUKS,4520,369,8
EUKS,4520,369,9
EUKS,4520,369,10
EUKS,4520,369,11
EUKS,4520,369,12
EUKS,4520,369,13
EUKS,4520,369,15
EUKS,4520,369,16
EUKS,4520,369,17
EUKS,4520,369,18
EUKS,4520,369,21
EUKS,4520,369,23
EUKS,4520,369,24
EUKS,4520,369,25
EUKS,4520,369,26
EUKS,4520,369,27
EUKS,4520,369,28
EUKS,4520,369,29
EUKS,4520,369,30
EUKS,4520,369,31
EUKS,4520,369,32
EUKS,4520,369,33
EUKS,4520,369,35
EUKS,4520,369,36
EUKS,4520,369,37
EUKS,4520,369,38
EUKS,4520,369,39
EUKS,4520,369,40
EUKS,4520,369,41
EUKS,4520,369,43
EUKS,4520,369,44
EUKS,4520,369,45
EUKS,4520,369,46
EUKS,4520,369,47
EUKS,4520,369,48
EUKS,4520,369,50
EUKS,4520,369,51
EUKS,4520,369,54
EUKS,4520,369,55
EUKS,4520,369,56
EUKS,4520,369,57
EUKS,4520,369,58
EUKS,4520,369,59
EUKS,4520,369,60
EUKS,4520,369,61
EUKS,4520,369,62
EUKS,4520,369,64
EUKS,4520,369,65
EUKS,4520,369,66
EUKS,4520,369,67
EUKS,4520,369,69
EUKS,4520,369,71
EUKS,4520,369,72
EUKS,4520,369,73
EUKS,4520,369,74
EUKS,4520,369,75
EUKS,4520,369,78
EUKS,4520,369,79
EUKS,4520,369,80
EUKS,4520,369,81
EUKS,4520,369,82
EUKS,4520,369,83
EUKS,4520,369,84
EUKS,4520,369,85
EUKS,4520,369,86
EUKS,4520,369,87
EUKS,4520,369,88
EUKS,4520,369,90
EUKS,4520,369,91
EUKS,4520,369,92
EUKS,4520,369,94
EUKS,4520,369,95
EUKS,4520,369,96
EUKS,4520,369,97
EUKS,4520,369,98
EUKS,4520,369,99
EUKS,4520,369,100
EUKS,4520,369,101
EUKS,4520,369,102
EUKS,4520,369,103
EUKS,4520,369,104
EUKS,4520,369,105
EUKS,4520,369,106
EUKS,4520,369,107
EUKS,4520,369,108
EUKS,4520,369,110
EUKS,4520,369,111
EUKS,4520,369,112
EUKS,4520,369,113
EUKS,4520,369,114
EUKS,4520,369,115
EUKS,4520,369,116
EUKS,4520,369,117
EUKS,4520,369,118
EUKS,4520,369,119
EUKS,4520,369,121
EUKS,4520,369,122
EUKS,4520,369,124
EUKS,4520,369,125
EUKS,4520,369,126
EUKS,4520,369,127
EUKS,4520,369,128
EUKS,4520,369,129
EUKS,4520,369,130
EUKS,4520,369,133
EUKS,4520,369,134
EUKS,4520,369,135
EUKS,4520,369,136
EUKS,4520,369,137
EUKS,4520,369,138
EUKS,4520,369,139
EUKS,4520,369,140
EUKS,4520,369,141
EUKS,4520,369,142
EUKS,4520,369,143
EUKS,4520,369,144
EUKS,4520,369,145
EUKS,4520,369,146
EUKS,4520,369,147
EUKS,4520,369,148
EUKS,4520,369,149
EUKS,4520,369,150
EUKS,4520,369,151
EUKS,4520,369,152
EUKS,4520,369,153
EUKS,4520,369,154
EUKS,4520,369,155
EUKS,4520,369,156
EUKS,4520,369,157
EUKS,4520,369,158
EUKS,4520,369,159
EUKS,4520,369,160
EUKS,4520,369,161
EUKS,4520,369,162
EUKS,4520,369,163
EUKS,4520,369,164
EUKS,4520,369,165
EUKS,4520,369,167
EUKS,4520,369,168
EUKS,4520,369,169
EUKS,4520,369,170
EUKS,4520,369,171
EUKS,4520,369,172
EUKS,4520,369,173
EUKS,4520,369,174
EUKS,4520,369,175
EUKS,4520,369,179
EUKS,4520,369,180
EUKS,4520,369,181
EUKS,4520,369,182
EUKS,4520,369,183
EUKS,4520,369,184
EUKS,4520,369,186
EUKS,4520,369,187
EUKS,4520,369,188
EUKS,4520,369,193
EUKS,4520,369,194
EUKS,4520,369,197
EUKS,4520,369,198
EUKS,4520,369,199
EUKS,4520,369,201
EUKS,4520,369,202
EUKS,4520,369,203
EUKS,4520,369,204
EUKS,4520,369,205
EUKS,4520,369,206
EUKS,4520,369,207
EUKS,4520,369,208
EUKS,4520,369,209
EUKS,4520,369,210
EUKS,4520,369,211
EUKS,4520,369,212
EUKS,4520,369,213
EUKS,4520,369,214
EUKS,4520,369,215
EUKS,4520,369,216
EUKS,4520,369,217
EUKS,4520,369,218
EUKS,4520,369,219
EUKS,4520,369,220
EUKS,4520,369,221
EUKS,4520,369,222
EUKS,4520,369,223
EUKS,4520,369,224
EUKS,4520,369,225
EUKS,4520,369,226
EUKS,4520,369,227
EUKS,4520,369,228
EUKS,4520,369,229
EUKS,4520,369,230
EUKS,4520,369,232
EUKS,4520,369,233
EUKS,4520,369,234
EUKS,4520,369,235
EUKS,4520,369,236
EUKS,4520,369,237
EUKS,4520,369,238
EUKS,4520,369,239
EUKS,4520,369,240
EUKS,4520,369,241
EUKS,4520,369,242
EUKS,4520,369,243
EUKS,4520,369,245
EUKS,4520,369,246
EUKS,4520,369,247
EUKS,4520,369,248
EUKS,4520,369,249
EUKS,4520,369,250
EUKS,4520,369,251
EUKS,4520,369,252
EUKS,4520,369,253
EUKS,4520,369,254
EUKS,4520,369,255
EUKS,4520,369,256
EUKS,4520,369,257
EUKS,4520,369,258
EUKS,4520,369,260
EUKS,4520,369,261
EUKS,4520,369,262
EUKS,4520,369,264
EUKS,4520,369,266
EUKS,4520,369,267
EUKS,4520,369,268
EUKS,4520,369,269
EUKS,4520,369,270
EUKS,4520,369,271
EUKS,4520,369,272
EUKS,4520,369,273
EUKS,4520,369,274
EUKS,4520,369,275
EUKS,4520,369,276
EUKS,4520,369,278
EUKS,4520,369,279
EUKS,4520,369,280
EUKS,4520,369,281
EUKS,4520,369,282
EUKS,4520,369,283
EUKS,4520,369,284
EUKS,4520,369,285
EUKS,4520,369,287
EUKS,4520,369,288
EUKS,4520,369,289
EUKS,4520,369,290
EUKS,4520,369,291
EUKS,4520,369,292
EUKS,4520,369,293
EUKS,4520,369,294
EUKS,4520,369,295
EUKS,4520,369,296
EUKS,4520,369,297
EUKS,4520,369,298
EUKS,4520,369,299
EUKS,4520,369,300
EUKS,4520,369,302
EUKS,4520,369,304
EUKS,4520,369,307
EUKS,4520,369,308
EUKS,4520,369,309
EUKS,4520,369,310
EUKS,4520,369,311
EUKS,4520,369,312
EUKS,4520,369,313
EUKS,4520,369,314
EUKS,4520,369,315
EUKS,4520,369,316
EUKS,4520,369,317
EUKS,4520,369,319
EUKS,4520,369,320
EUKS,4520,369,321
EUKS,4520,369,322
EUKS,4520,369,323
EUKS,4520,369,324
EUKS,4520,369,325
EUKS,4520,369,326
EUKS,4520,369,327
EUKS,4520,369,328
EUKS,4520,369,329
EUKS,4520,369,331
EUKS,4520,369,335
EUKS,4520,369,336
EUKS,4520,369,337
EUKS,4520,369,338
EUKS,4520,369,339
EUKS,4520,369,340
EUKS,4520,369,341
EUKS,4520,369,342
EUKS,4520,369,343
EUKS,4520,369,344
EUKS,4520,369,345
EUKS,4520,369,346
EUKS,4520,369,347
EUKS,4520,369,348
EUKS,4520,369,349
EUKS,4520,369,351
EUKS,4520,369,352
EUKS,4520,369,353
EUKS,4520,369,354
EUKS,4520,369,355
EUKS,4520,369,356
EUKS,4520,369,357
EUKS,4520,369,358
EUKS,4520,369,359
EUKS,4520,369,360
EUKS,4520,369,361
EUKS,4520,369,362
EUKS,4520,369,363
EUKS,4520,369,364
EUKS,4520,369,365
EUKS,4520,369,366
EUKS,4520,369,367
EUKS,4520,369,368
EUKS,4520,369,369
EUKS,4520,369,370
EUKS,4520,369,371
EUKS,4520,369,372
EUKS,4520,369,373
EUKS,4520,369,374
EUKS,4520,369,375
EUKS,4520,369,376
EUKS,4520,369,377
EUKS,4520,369,378
EUKS,4520,369,379
EUKS,4520,369,381
EUKS,4520,369,382
EUKS,4520,369,383
EUKS,4520,369,384
EUKS,4520,369,385
EUKS,4520,369,386
EUKS,4520,369,387
EUKS,4520,369,388
EUKS,4520,369,389
EUKS,4520,369,390
EUKS,4520,369,391
EUKS,4520,369,393
EUKS,4520,369,394
EUKS,4520,369,395
EUKS,4520,369,396
EUKS,4520,369,398
EUKS,4520,369,400
EUKS,4520,369,401
EUKS,4520,369,402
EUKS,4520,369,404
EUKS,4520,369,405
EUKS,4520,369,406
EUKS,4520,369,407
EUKS,4520,369,408
EUKS,4520,369,409
EUKS,4520,369,412
EUKS,4520,369,413
EUKS,4520,369,414
EUKS,4520,369,415
EUKS,4520,369,417
EUKS,4520,369,418
EUKS,4520,369,419
EUKS,4520,369,420
EUKS,4520,369,421
EUKS,4520,369,423
EUKS,4520,369,424
EUKS,4520,369,425
EUKS,4520,369,426
EUKS,4520,369,427
EUKS,4520,369,428
EUKS,4520,369,429
EUKS,4520,369,430
EUKS,4520,369,432
EUKS,4520,369,433
EUKS,4520,369,435
EUKS,4520,369,436
EUKS,4520,369,437
EUKS,4520,369,438
EUKS,4520,369,439
EUKS,4520,369,440
EUKS,4520,369,441
EUKS,4520,369,442
EUKS,4520,369,443
EUKS,4520,369,444
EUKS,4520,369,445
EUKS,4520,369,446
EUKS,4520,369,447
EUKS,4520,369,448
EUKS,4520,369,449
EUKS,4520,369,450
EUKS,4520,369,451
EUKS,4520,369,452
EUKS,4520,369,453
EUKS,4520,369,455
EUKS,4520,369,456
EUKS,4520,369,458
EUKS,4520,369,459
EUKS,4520,369,461
EUKS,4520,369,462
EUKS,4520,369,463
EUKS,4520,369,464
EUKS,4520,369,465
EUKS,4520,369,466
EUKS,4520,369,467
EUKS,4520,369,470
EUKS,4520,369,471
EUKS,4520,369,472
EUKS,4520,369,473
EUKS,4520,369,475
EUKS,4520,369,476
EUKS,4520,369,477
EUKS,4520,369,478
EUKS,4520,369,480
EUKS,4520,369,481
EUKS,4520,369,482
EUKS,4520,369,483
EUKS,4520,369,484
EUKS,4520,369,485
EUKS,4520,369,487
EUKS,4520,369,488
EUKS,4520,369,489
EUKS,4520,369,490
EUKS,4520,369,491
EUKS,4520,369,492
EUKS,4520,369,494
EUKS,4520,369,495
EUKS,4520,369,496
EUKS,4520,369,497
EUKS,4520,369,498
EUKS,4520,369,499
EUKS,4520,369,500
EUKS,4520,369,501
EUKS,4520,369,502
EUKS,4520,369,503
EUKS,4520,369,504
EUKS,4520,369,505
EUKS,4520,369,507
EUKS,4520,369,509
EUKS,4520,369,510
EUKS,4520,369,513
EUKS,4520,369,514
EUKS,4520,369,515
EUKS,4520,369,517
EUKS,4520,369,518
EUKS,4520,369,519
EUKS,4520,369,520
EUKS,4520,369,521
EUKS,4520,369,522
EUKS,4520,369,523
EUKS,4520,369,524
EUKS,4520,369,525
EUKS,4520,369,526
EUKS,4520,369,527
EUKS,4520,369,528
EUKS,4520,369,530
EUKS,4520,369,531
EUKS,4520,369,532
EUKS,4520,369,533
EUKS,4520,369,536
EUKS,4520,369,537
EUKS,4520,369,538
EUKS,4520,369,539
EUKS,4520,369,540
EUKS,4520,369,541
EUKS,4520,369,542
EUKS,4520,369,543
EUKS,4520,369,545
EUKS,4520,369,546
EUKS,4520,369,547
EUKS,4520,369,548
EUKS,4520,369,549
EUKS,4520,369,550
EUKS,4520,369,551
EUKS,4520,369,552
EUKS,4520,369,553
EUKS,4520,369,554
EUKS,4520,369,555
EUKS,4520,369,556
EUKS,4520,369,557
EUKS,4520,369,558
EUKS,4520,369,559
EUKS,4520,369,560
EUKS,4520,369,561
EUKS,4520,369,562
EUKS,4520,369,563
EUKS,4520,369,564
EUKS,4520,369,565
EUKS,4520,369,569
EUKS,4520,369,570
EUKS,4520,369,572
EUKS,4520,369,574
EUKS,4520,369,575
EUKS,4520,369,576
EUKS,4520,369,578
EUKS,4520,369,580
EUKS,4520,369,581
EUKS,4520,369,582
EUKS,4520,369,583
EUKS,4520,369,584
EUKS,4520,369,585
EUKS,4520,369,586
EUKS,4520,369,587
EUKS,4520,369,588
EUKS,4520,369,591
EUKS,4520,369,592
EUKS,4520,369,593
EUKS,4520,369,594
EUKS,4520,369,595
EUKS,4520,369,596
EUKS,4520,369,598
EUKS,4520,369,600
EUKS,4520,369,601
EUKS,4520,369,602
EUKS,4520,369,603
EUKS,4520,369,604
EUKS,4520,369,605
EUKS,4520,369,606
EUKS,4520,369,608
EUKS,4520,369,609
EUKS,4520,369,611
EUKS,4520,369,612
EUKS,4520,369,613
EUKS,4520,369,614
EUKS,4520,369,615
EUKS,4520,369,616
EUKS,4520,369,617
EUKS,4520,369,618
EUKS,4520,369,620
EUKS,4520,369,621
EUKS,4520,369,622
EUKS,4520,369,623
EUKS,4520,369,624
EUKS,4520,369,625
EUKS,4520,369,627
EUKS,4520,369,628
EUKS,4520,369,629
EUKS,4520,369,630
EUKS,4520,369,631
EUKS,4520,369,632
EUKS,4520,369,633
EUKS,4520,369,634
EUKS,4520,369,635
EUKS,4520,369,636
EUKS,4520,369,638
EUKS,4520,369,639
EUKS,4520,369,640
EUKS,4520,369,641
EUKS,4520,369,642
EUKS,4520,369,643
EUKS,4520,369,644
EUKS,4520,369,645
EUKS,4520,369,647
EUKS,4520,369,648
EUKS,4520,369,649
EUKS,4520,369,650
EUKS,4520,369,651
EUKS,4520,369,652
EUKS,4520,369,653
EUKS,4520,369,654
EUKS,4520,369,656
EUKS,4520,369,657
EUKS,4520,369,658
EUKS,4520,369,659
EUKS,4520,369,661
EUKS,4520,369,662
EUKS,4520,369,663
EUKS,4520,369,664
EUKS,4520,369,665
EUKS,4520,369,666
EUKS,4520,369,667
EUKS,4520,369,669
EUKS,4520,369,670
EUKS,4520,369,671
EUKS,4520,369,673
EUKS,4520,369,674
EUKS,4520,369,675
EUKS,4520,369,676
EUKS,4520,369,677
EUKS,4520,369,678
EUKS,4520,369,679
EUKS,4520,369,680
EUKS,4520,369,681
EUKS,4520,369,682
EUKS,4520,369,684
EUKS,4520,369,685
EUKS,4520,369,686
EUKS,4520,369,687
EUKS,4520,369,688
EUKS,4520,369,689
EUKS,4520,369,690
EUKS,4520,369,692
EUKS,4520,369,693
EUKS,4520,369,694
EUKS,4520,369,695
EUKS,4520,369,696
EUKS,4520,369,697
EUKS,4520,369,698
EUKS,4520,369,699
EUKS,4520,369,700
EUKS,4520,369,701
EUKS,4520,369,702
EUKS,4520,369,703
EUKS,4520,369,705
EUKS,4520,369,706
EUKS,4520,369,707
EUKS,4520,369,708
EUKS,4520,369,709
EUKS,4520,369,710
EUKS,4520,369,711
EUKS,4520,369,712
EUKS,4520,369,713
EUKS,4520,369,714
EUKS,4520,369,715
EUKS,4520,369,716
EUKS,4520,369,717
EUKS,4520,369,718
EUKS,4520,369,719
EUKS,4520,369,720
EUKS,4520,369,723
EUKS,4520,369,724
EUKS,4520,369,725
EUKS,4520,369,726
EUKS,4520,369,727
EUKS,4520,369,728
EUKS,4520,369,729
EUKS,4520,369,730
EUKS,4520,369,731
EUKS,4520,369,732
EUKS,4520,369,733
EUKS,4520,369,735
EUKS,4520,369,737
EUKS,4520,369,738
EUKS,4520,369,739
EUKS,4520,369,740
EUKS,4520,369,741
EUKS,4520,369,742
EUKS,4520,369,743
EUKS,4520,369,745
EUKS,4520,369,747
EUKS,4520,369,749
EUKS,4520,369,750
EUKS,4520,369,751
EUKS,4520,369,753
EUKS,4520,369,754
EUKS,4520,369,756
EUKS,4520,369,757
EUKS,4520,369,758
EUKS,4520,369,759
EUKS,4520,369,760
EUKS,4520,369,762
EUKS,4520,369,763
EUKS,4520,369,764
EUKS,4520,369,765
EUKS,4520,369,766
EUKS,4520,369,767
EUKS,4520,369,768
EUKS,4520,369,769
EUKS,4520,369,770
EUKS,4520,369,771
EUKS,4520,369,772
EUKS,4520,369,774
EUKS,4520,369,775
EUKS,4520,369,776
EUKS,4520,369,777
EUKS,4520,369,779
EUKS,4520,369,780
EUKS,4520,369,781
EUKS,4520,369,783
EUKS,4520,369,784
EUKS,4520,369,785
EUKS,4520,369,786
EUKS,4520,369,787
EUKS,4520,369,788
EUKS,4520,369,789
EUKS,4520,369,790
EUKS,4520,369,791
EUKS,4520,369,792
EUKS,4520,369,793
EUKS,4520,369,795
EUKS,4520,369,797
EUKS,4520,369,798
EUKS,4520,369,799
HSQU,4990,291,26
HSQU,4990,291,137
HSQU,4990,291,421
JOQI,3140,187,2
JOQI,3140,187,6
JOQI,3140,187,17
JOQI,3140,187,22
JOQI,3140,187,23
JOQI,3140,187,30
JOQI,3140,187,32
JOQI,3140,187,34
JOQI,3140,187,36
JOQI,3140,187,41
JOQI,3140,187,44
JOQI,3140,187,45
JOQI,3140,187,46
JOQI,3140,187,49
JOQI,3140,187,58
JOQI,3140,187,59
JOQI,3140,187,60
JOQI,3140,187,61
JOQI,3140,187,62
JOQI,3140,187,65
JOQI,3140,187,67
JOQI,3140,187,70
JOQI,3140,187,76
JOQI,3140,187,83
JOQI,3140,187,85
JOQI,3140,187,87
JOQI,3140,187,88
JOQI,3140,187,89
JOQI,3140,187,93
JOQI,3140,187,94
JOQI,3140,187,99
JOQI,3140,187,101
JOQI,3140,187,102
JOQI,3140,187,105
JOQI,3140,187,112
JOQI,3140,187,123
JOQI,3140,187,124
JOQI,3140,187,126
JOQI,3140,187,127
JOQI,3140,187,128
JOQI,3140,187,129
JOQI,3140,187,131
JOQI,3140,187,145
JOQI,3140,187,151
JOQI,3140,187,152
JOQI,3140,187,155
JOQI,3140,187,159
JOQI,3140,187,161
JOQI,3140,187,162
JOQI,3140,187,163
JOQI,3140,187,164
JOQI,3140,187,166
JOQI,3140,187,171
JOQI,3140,187,174
JOQI,3140,187,175
JOQI,3140,187,178
JOQI,3140,187,181
JOQI,3140,187,182
JOQI,3140,187,183
JOQI,3140,187,185
JOQI,3140,187,186
JOQI,3140,187,188
JOQI,3140,187,191
JOQI,3140,187,193
JOQI,3140,187,196
JOQI,3140,187,200
JOQI,3140,187,201
JOQI,3140,187,203
JOQI,3140,187,204
JOQI,3140,187,206
JOQI,3140,187,207
JOQI,3140,187,210
JOQI,3140,187,211
JOQI,3140,187,216
JOQI,3140,187,217
JOQI,3140,187,218
JOQI,3140,187,219
JOQI,3140,187,221
JOQI,3140,187,232
JOQI,3140,187,233
JOQI,3140,187,239
JOQI,3140,187,240
JOQI,3140,187,241
JOQI,3140,187,243
JOQI,3140,187,244
JOQI,3140,187,248
JOQI,3140,187,250
JOQI,3140,187,251
JOQI,3140,187,253
JOQI,3140,187,256
JOQI,3140,187,266
JOQI,3140,187,267
JOQI,3140,187,268
JOQI,3140,187,269
JOQI,3140,187,276
JOQI,3140,187,277
JOQI,3140,187,279
JOQI,3140,187,281
JOQI,3140,187,282
JOQI,3140,187,284
JOQI,3140,187,291
JOQI,3140,187,293
JOQI,3140,187,296
JOQI,3140,187,298
JOQI,3140,187,300
JOQI,3140,187,307
JOQI,3140,187,311
JOQI,3140,187,317
JOQI,3140,187,321
JOQI,3140,187,323
JOQI,3140,187,327
JOQI,3140,187,331
JOQI,3140,187,332
JOQI,3140,187,336
JOQI,3140,187,337
JOQI,3140,187,344
JOQI,3140,187,345
JOQI,3140,187,347
JOQI,3140,187,348
JOQI,3140,187,351
JOQI,3140,187,354
JOQI,3140,187,355
JOQI,3140,187,359
JOQI,3140,187,361
JOQI,3140,187,364
JOQI,3140,187,372
JOQI,3140,187,375
JOQI,3140,187,376
JOQI,3140,187,378
JOQI,3140,187,380
JOQI,3140,187,382
JOQI,3140,187,383
JOQI,3140,187,384
JOQI,3140,187,389
JOQI,3140,187,390
JOQI,3140,187,391
JOQI,3140,187,394
JOQI,3140,187,403
JOQI,3140,187,404
JOQI,3140,187,408
JOQI,3140,187,410
JOQI,3140,187,415
JOQI,3140,187,416
JOQI,3140,187,425
JOQI,3140,187,426
JOQI,3140,187,427
JOQI,3140,187,430
JOQI,3140,187,434
JOQI,3140,187,435
JOQI,3140,187,436
JOQI,3140,187,437
JOQI,3140,187,439
JOQI,3140,187,442
JOQI,3140,187,446
JOQI,3140,187,449
JOQI,3140,187,451
JOQI,3140,187,457
JOQI,3140,187,458
JOQI,3140,187,460
JOQI,3140,187,466
JOQI,3140,187,477
JOQI,3140,187,478
JOQI,3140,187,484
JOQI,3140,187,485
JOQI,3140,187,486
JOQI,3140,187,489
JOQI,3140,187,496
JOQI,3140,187,497
JOQI,3140,187,501
JOQI,3140,187,505
JOQI,3140,187,507
JOQI,3140,187,510
JOQI,3140,187,512
JOQI,3140,187,521
JOQI,3140,187,523
JOQI,3140,187,525
JOQI,3140,187,529
JOQI,3140,187,530
JOQI,3140,187,531
JOQI,3140,187,533
JOQI,3140,187,537
JOQI,3140,187,538
JOQI,3140,187,544
JOQI,3140,187,557
JOQI,3140,187,558
JOQI,3140,187,559
JOQI,3140,187,562
JOQI,3140,187,563
JOQI,3140,187,565
JOQI,3140,187,566
JOQI,3140,187,568
JOQI,3140,187,571
JOQI,3140,187,576
JOQI,3140,187,578
JOQI,3140,187,579
JOQI,3140,187,580
JOQI,3140,187,582
JOQI,3140,187,583
JOQI,3140,187,585
JOQI,3140,187,586
JOQI,3140,187,587
JOQI,3140,187,588
JOQI,3140,187,591
JOQI,3140,187,593
JOQI,3140,187,594
JOQI,3140,187,596
JOQI,3140,187,601
JOQI,3140,187,604
JOQI,3140,187,612
JOQI,3140,187,615
JOQI,3140,187,618
JOQI,3140,187,620
JOQI,3140,187,624
JOQI,3140,187,625
JOQI,3140,187,629
JOQI,3140,187,632
JOQI,3140,187,634
JOQI,3140,187,636
JOQI,3140,187,637
JOQI,3140,187,639
JOQI,3140,187,640
JOQI,3140,187,643
JOQI,3140,187,645
JOQI,3140,187,647
JOQI,3140,187,650
JOQI,3140,187,651
JOQI,3140,187,658
JOQI,3140,187,663
JOQI,3140,187,675
JOQI,3140,187,678
JOQI,3140,187,679
JOQI,3140,187,687
JOQI,3140,187,689
JOQI,3140,187,691
JOQI,3140,187,694
JOQI,3140,187,698
JOQI,3140,187,702
JOQI,3140,187,705
JOQI,3140,187,708
JOQI,3140,187,710
JOQI,3140,187,712
JOQI,3140,187,713
JOQI,3140,187,716
JOQI,3140,187,719
JOQI,3140,187,722
JOQI,3140,187,725
JOQI,3140,187,728
JOQI,3140,187,731
JOQI,3140,187,733
JOQI,3140,187,740
JOQI,3140,187,741
JOQI,3140,187,744
JOQI,3140,187,748
JOQI,3140,187,752
JOQI,3140,187,759
JOQI,3140,187,761
JOQI,3140,187,764
JOQI,3140,187,766
JOQI,3140,187,771
JOQI,3140,187,775
JOQI,3140,187,776
JOQI,3140,187,779
JOQI,3140,187,780
JOQI,3140,187,782
JOQI,3140,187,784
JOQI,3140,187,786
JOQI,3140,187,788
JOQI,3140,187,789
JOQI,3140,187,792
JOQI,3140,187,796
JOQI,3140,187,797
JOQI,3140,187,799
LJTV,3970,90,62
LJTV,3970,90,75
LJTV,3970,90,199
LJTV,3970,90,244
LJTV,3970,90,270
LJTV,3970,90,308
LJTV,3970,90,355
LJTV,3970,90,367
LJTV,3970,90,381
LJTV,3970,90,383
LJTV,3970,90,447
LJTV,3970,90,455
LJTV,3970,90,577
LJTV,3970,90,578
LJTV,3970,90,649
LJTV,3970,90,661
LJTV,3970,90,712
LJTV,3970,90,747
NFWC,4910,631,4
NFWC,4910,631,6
NFWC,4910,631,8
NFWC,4910,631,18
NFWC,4910,631,35
NFWC,4910,631,39
NFWC,4910,631,55
NFWC,4910,631,81
NFWC,4910,631,83
NFWC,4910,631,84
NFWC,4910,631,94
NFWC,4910,631,101
NFWC,4910,631,110
NFWC,4910,631,111
NFWC,4910,631,135
NFWC,4910,631,138
NFWC,4910,631,142
NFWC,4910,631,153
NFWC,4910,631,164
NFWC,4910,631,170
NFWC,4910,631,173
NFWC,4910,631,175
NFWC,4910,631,179
NFWC,4910,631,182
NFWC,4910,631,188
NFWC,4910,631,191
NFWC,4910,631,197
NFWC,4910,631,210
NFWC,4910,631,222
NFWC,4910,631,228
NFWC,4910,631,267
NFWC,4910,631,276
NFWC,4910,631,289
NFWC,4910,631,343
NFWC,4910,631,344
NFWC,4910,631,356
NFWC,4910,631,358
NFWC,4910,631,359
NFWC,4910,631,361
NFWC,4910,631,379
NFWC,4910,631,386
NFWC,4910,631,389
NFWC,4910,631,395
NFWC,4910,631,400
NFWC,4910,631,401
NFWC,4910,631,431
NFWC,4910,631,448
NFWC,4910,631,449
NFWC,4910,631,471
NFWC,4910,631,472
NFWC,4910,631,493
NFWC,4910,631,496
NFWC,4910,631,497
NFWC,4910,631,499
NFWC,4910,631,515
NFWC,4910,631,517
NFWC,4910,631,522
NFWC,4910,631,528
NFWC,4910,631,541
NFWC,4910,631,583
NFWC,4910,631,597
NFWC,4910,631,604
NFWC,4910,631,613
NFWC,4910,631,638
NFWC,4910,631,668
NFWC,4910,631,670
NFWC,4910,631,679
NFWC,4910,631,681
NFWC,4910,631,689
NFWC,4910,631,691
NFWC,4910,631,693
NFWC,4910,631,718
NFWC,4910,631,721
NFWC,4910,631,723
NFWC,4910,631,730
NFWC,4910,631,751
NFWC,4910,631,763
NFWC,4910,631,764
NFWC,4910,631,772
NFWC,4910,631,773
NFWC,4910,631,780
NFWC,4910,631,791
NFWC,4910,631,795
NOZY,1010,164,24
NOZY,1010,164,70
NOZY,1010,164,131
NOZY,1010,164,139
NOZY,1010,164,176
NOZY,1010,164,275
NOZY,1010,164,398
NOZY,1010,164,412
NOZY,1010,164,477
NOZY,1010,164,497
NOZY,1010,164,529
RHVU,4380,244,179
RHVU,4380,244,402
SLHX,4250,284,7
SLHX,4250,284,25
SLHX,4250,284,35
SLHX,4250,284,36
SLHX,4250,284,37
SLHX,4250,284,38
SLHX,4250,284,43
SLHX,4250,284,53
SLHX,4250,284,59
SLHX,4250,284,60
SLHX,4250,284,62
SLHX,4250,284,77
SLHX,4250,284,90
SLHX,4250,284,110
SLHX,4250,284,113
SLHX,4250,284,118
SLHX,4250,284,120
SLHX,4250,284,129
SLHX,4250,284,132
SLHX,4250,284,142
SLHX,4250,284,148
SLHX,4250,284,149
SLHX,4250,284,151
SLHX,4250,284,160
SLHX,4250,284,176
SLHX,4250,284,181
SLHX,4250,284,186
SLHX,4250,284,187
SLHX,4250,284,189
SLHX,4250,284,195
SLHX,4250,284,198
SLHX,4250,284,200
SLHX,4250,284,210
SLHX,4250,284,213
SLHX,4250,284,217
SLHX,4250,284,223
SLHX,4250,284,224
SLHX,4250,284,225
SLHX,4250,284,239
SLHX,4250,284,248
SLHX,4250,284,251
SLHX,4250,284,252
SLHX,4250,284,260
SLHX,4250,284,264
SLHX,4250,284,266
SLHX,4250,284,276
SLHX,4250,284,280
SLHX,4250,284,283
SLHX,4250,284,287
SLHX,4250,284,288
SLHX,4250,284,301
SLHX,4250,284,302
SLHX,4250,284,304
SLHX,4250,284,314
SLHX,4250,284,334
SLHX,4250,284,336
SLHX,4250,284,345
SLHX,4250,284,347
SLHX,4250,284,353
SLHX,4250,284,354
SLHX,4250,284,357
SLHX,4250,284,363
SLHX,4250,284,365
SLHX,4250,284,366
SLHX,4250,284,370
SLHX,4250,284,373
SLHX,4250,284,377
SLHX,4250,284,380
SLHX,4250,284,384
SLHX,4250,284,389
SLHX,4250,284,401
SLHX,4250,284,402
SLHX,4250,284,406
SLHX,4250,284,409
SLHX,4250,284,419
SLHX,4250,284,424
SLHX,4250,284,429
SLHX,4250,284,431
SLHX,4250,284,438
SLHX,4250,284,442
SLHX,4250,284,443
SLHX,4250,284,445
SLHX,4250,284,446
SLHX,4250,284,448
SLHX,4250,284,456
SLHX,4250,284,469
SLHX,4250,284,477
SLHX,4250,284,478
SLHX,4250,284,492
SLHX,4250,284,493
SLHX,4250,284,497
SLHX,4250,284,512
SLHX,4250,284,519
SLHX,4250,284,522
SLHX,4250,284,529
SLHX,4250,284,535
SLHX,4250,284,536
SLHX,4250,284,544
SLHX,4250,284,554
SLHX,4250,284,562
SLHX,4250,284,576
SLHX,4250,284,580
SLHX,4250,284,583
SLHX,4250,284,588
SLHX,4250,284,591
SLHX,4250,284,592
SLHX,4250,284,598
SLHX,4250,284,599
SLHX,4250,284,601
SLHX,4250,284,606
SLHX,4250,284,611
SLHX,4250,284,613
SLHX,4250,284,616
SLHX,4250,284,617
SLHX,4250,284,622
SLHX,4250,284,629
SLHX,4250,284,631
SLHX,4250,284,638
SLHX,4250,284,639
SLHX,4250,284,643
SLHX,4250,284,648
SLHX,4250,284,650
SLHX,4250,284,651
SLHX,4250,284,652
SLHX,4250,284,675
SLHX,4250,284,685
SLHX,4250,284,697
SLHX,4250,284,698
SLHX,4250,284,700
SLHX,4250,284,705
SLHX,4250,284,713
SLHX,4250,284,719
SLHX,4250,284,727
SLHX,4250,284,731
SLHX,4250,284,732
SLHX,4250,284,737
SLHX,4250,284,740
SLHX,4250,284,743
SLHX,4250,284,750
SLHX,4250,284,768
SLHX,4250,284,773
SLHX,4250,284,775
SLHX,4250,284,776
SLHX,4250,284,782
SLHX,4250,284,788
SLHX,4250,284,791
SLHX,4250,284,797
XAOP,4590,179,1
XAOP,4590,179,2
XAOP,4590,179,3
XAOP,4590,179,4
XAOP,4590,179,6
XAOP,4590,179,7
XAOP,4590,179,8
XAOP,4590,179,9
XAOP,4590,179,10
XAOP,4590,179,11
XAOP,4590,179,12
XAOP,4590,179,13
XAOP,4590,179,14
XAOP,4590,179,15
XAOP,4590,179,16
XAOP,4590,179,17
XAOP,4590,179,18
XAOP,4590,179,19
XAOP,4590,179,20
XAOP,4590,179,21
XAOP,4590,179,22
XAOP,4590,179,23
XAOP,4590,179,24
XAOP,4590,179,27
XAOP,4590,179,29
XAOP,4590,179,30
XAOP,4590,179,31
XAOP,4590,179,32
XAOP,4590,179,33
XAOP,4590,179,35
XAOP,4590,179,36
XAOP,4590,179,37
XAOP,4590,179,38
XAOP,4590,179,39
XAOP,4590,179,40
XAOP,4590,179,41
XAOP,4590,179,42
XAOP,4590,179,43
XAOP,4590,179,44
XAOP,4590,179,45
XAOP,4590,179,48
XAOP,4590,179,50
XAOP,4590,179,51
XAOP,4590,179,53
XAOP,4590,179,54
XAOP,4590,179,55
XAOP,4590,179,56
XAOP,4590,179,59
XAOP,4590,179,60
XAOP,4590,179,61
XAOP,4590,179,62
XAOP,4590,179,65
XAOP,4590,179,66
XAOP,4590,179,68
XAOP,4590,179,69
XAOP,4590,179,70
XAOP,4590,179,71
XAOP,4590,179,73
XAOP,4590,179,75
XAOP,4590,179,78
XAOP,4590,179,79
XAOP,4590,179,80
XAOP,4590,179,82
XAOP,4590,179,83
XAOP,4590,179,84
XAOP,4590,179,85
XAOP,4590,179,86
XAOP,4590,179,89
XAOP,4590,179,90
XAOP,4590,179,93
XAOP,4590,179,94
XAOP,4590,179,95
XAOP,4590,179,96
XAOP,4590,179,99
XAOP,4590,179,100
XAOP,4590,179,101
XAOP,4590,179,102
XAOP,4590,179,104
XAOP,4590,179,106
XAOP,4590,179,108
XAOP,4590,179,109
XAOP,4590,179,110
XAOP,4590,179,111
XAOP,4590,179,112
XAOP,4590,179,113
XAOP,4590,179,114
XAOP,4590,179,115
XAOP,4590,179,116
XAOP,4590,179,117
XAOP,4590,179,119
XAOP,4590,179,121
XAOP,4590,179,122
XAOP,4590,179,127
XAOP,4590,179,128
XAOP,4590,179,130
XAOP,4590,179,131
XAOP,4590,179,132
XAOP,4590,179,133
XAOP,4590,179,136
XAOP,4590,179,138
XAOP,4590,179,140
XAOP,4590,179,141
XAOP,4590,179,143
XAOP,4590,179,144
XAOP,4590,179,145
XAOP,4590,179,146
XAOP,4590,179,148
XAOP,4590,179,149
XAOP,4590,179,152
XAOP,4590,179,153
XAOP,4590,179,154
XAOP,4590,179,157
XAOP,4590,179,160
XAOP,4590,179,161
XAOP,4590,179,163
XAOP,4590,179,164
XAOP,4590,179,165
XAOP,4590,179,168
XAOP,4590,179,170
XAOP,4590,179,171
XAOP,4590,179,172
XAOP,4590,179,175
XAOP,4590,179,176
XAOP,4590,179,178
XAOP,4590,179,179
XAOP,4590,179,180
XAOP,4590,179,183
XAOP,4590,179,187
XAOP,4590,179,191
XAOP,4590,179,192
XAOP,4590,179,193
XAOP,4590,179,194
XAOP,4590,179,195
XAOP,4590,179,198
XAOP,4590,179,199
XAOP,4590,179,202
XAOP,4590,179,203
XAOP,4590,179,204
XAOP,4590,179,205
XAOP,4590,179,206
XAOP,4590,179,207
XAOP,4590,179,209
XAOP,4590,179,210
XAOP,4590,179,213
XAOP,4590,179,214
XAOP,4590,179,215
XAOP,4590,179,216
XAOP,4590,179,217
XAOP,4590,179,221
XAOP,4590,179,222
XAOP,4590,179,223
XAOP,4590,179,225
XAOP,4590,179,226
XAOP,4590,179,227
XAOP,4590,179,228
XAOP,4590,179,230
XAOP,4590,179,233
XAOP,4590,179,234
XAOP,4590,179,238
XAOP,4590,179,239
XAOP,4590,179,240
XAOP,4590,179,241
XAOP,4590,179,244
XAOP,4590,179,245
XAOP,4590,179,246
XAOP,4590,179,247
XAOP,4590,179,248
XAOP,4590,179,249
XAOP,4590,179,250
XAOP,4590,179,251
XAOP,4590,179,253
XAOP,4590,179,255
XAOP,4590,179,256
XAOP,4590,179,259
XAOP,4590,179,260
XAOP,4590,179,261
XAOP,4590,179,263
XAOP,4590,179,265
XAOP,4590,179,266
XAOP,4590,179,269
XAOP,4590,179,271
XAOP,4590,179,272
XAOP,4590,179,275
XAOP,4590,179,277
XAOP,4590,179,279
XAOP,4590,179,280
XAOP,4590,179,281
XAOP,4590,179,282
XAOP,4590,179,283
XAOP,4590,179,285
XAOP,4590,179,286
XAOP,4590,179,287
XAOP,4590,179,293
XAOP,4590,179,295
XAOP,4590,179,296
XAOP,4590,179,297
XAOP,4590,179,298
XAOP,4590,179,299
XAOP,4590,179,300
XAOP,4590,179,301
XAOP,4590,179,303
XAOP,4590,179,304
XAOP,4590,179,305
XAOP,4590,179,307
XAOP,4590,179,308
XAOP,4590,179,311
XAOP,4590,179,312
XAOP,4590,179,313
XAOP,4590,179,314
XAOP,4590,179,316
XAOP,4590,179,327
XAOP,4590,179,329
XAOP,4590,179,337
XAOP,4590,179,339
XAOP,4590,179,340
XAOP,4590,179,341
XAOP,4590,179,343
XAOP,4590,179,344
XAOP,4590,179,345
XAOP,4590,179,346
XAOP,4590,179,347
XAOP,4590,179,349
XAOP,4590,179,350
XAOP,4590,179,351
XAOP,4590,179,353
XAOP,4590,179,355
XAOP,4590,179,361
XAOP,4590,179,364
XAOP,4590,179,365
XAOP,4590,179,369
XAOP,4590,179,371
XAOP,4590,179,378
XAOP,4590,179,379
XAOP,4590,179,380
XAOP,4590,179,381
XAOP,4590,179,382
XAOP,4590,179,384
XAOP,4590,179,386
XAOP,4590,179,387
XAOP,4590,179,388
XAOP,4590,179,389
XAOP,4590,179,391
XAOP,4590,179,392
XAOP,4590,179,396
XAOP,4590,179,397
XAOP,4590,179,399
XAOP,4590,179,400
XAOP,4590,179,401
XAOP,4590,179,402
XAOP,4590,179,403
XAOP,4590,179,404
XAOP,4590,179,405
XAOP,4590,179,407
XAOP,4590,179,408
XAOP,4590,179,412
XAOP,4590,179,413
XAOP,4590,179,414
XAOP,4590,179,416
XAOP,4590,179,417
XAOP,4590,179,418
XAOP,4590,179,421
XAOP,4590,179,422
XAOP,4590,179,423
XAOP,4590,179,425
XAOP,4590,179,426
XAOP,4590,179,427
XAOP,4590,179,429
XAOP,4590,179,430
XAOP,4590,179,431
XAOP,4590,179,432
XAOP,4590,179,433
XAOP,4590,179,434
XAOP,4590,179,435
XAOP,4590,179,436
XAOP,4590,179,438
XAOP,4590,179,439
XAOP,4590,179,440
XAOP,4590,179,441
XAOP,4590,179,442
XAOP,4590,179,443
XAOP,4590,179,444
XAOP,4590,179,445
XAOP,4590,179,446
XAOP,4590,179,447
XAOP,4590,179,448
XAOP,4590,179,450
XAOP,4590,179,452
XAOP,4590,179,453
XAOP,4590,179,455
XAOP,4590,179,457
XAOP,4590,179,458
XAOP,4590,179,459
XAOP,4590,179,460
XAOP,4590,179,461
XAOP,4590,179,462
XAOP,4590,179,463
XAOP,4590,179,465
XAOP,4590,179,466
XAOP,4590,179,467
XAOP,4590,179,468
XAOP,4590,179,469
XAOP,4590,179,471
XAOP,4590,179,473
XAOP,4590,179,475
XAOP,4590,179,476
XAOP,4590,179,477
XAOP,4590,179,478
XAOP,4590,179,479
XAOP,4590,179,480
XAOP,4590,179,482
XAOP,4590,179,483
XAOP,4590,179,485
XAOP,4590,179,486
XAOP,4590,179,488
XAOP,4590,179,489
XAOP,4590,179,491
XAOP,4590,179,493
XAOP,4590,179,494
XAOP,4590,179,495
XAOP,4590,179,499
XAOP,4590,179,502
XAOP,4590,179,504
XAOP,4590,179,506
XAOP,4590,179,508
XAOP,4590,179,509
XAOP,4590,179,510
XAOP,4590,179,512
XAOP,4590,179,514
XAOP,4590,179,517
XAOP,4590,179,518
XAOP,4590,179,520
XAOP,4590,179,521
XAOP,4590,179,522
XAOP,4590,179,523
XAOP,4590,179,525
XAOP,4590,179,526
XAOP,4590,179,527
XAOP,4590,179,528
XAOP,4590,179,529
XAOP,4590,179,531
XAOP,4590,179,533
XAOP,4590,179,534
XAOP,4590,179,535
XAOP,4590,179,536
XAOP,4590,179,539
XAOP,4590,179,545
XAOP,4590,179,547
XAOP,4590,179,552
XAOP,4590,179,553
XAOP,4590,179,555
XAOP,4590,179,558
XAOP,4590,179,559
XAOP,4590,179,560
XAOP,4590,179,562
XAOP,4590,179,563
XAOP,4590,179,564
XAOP,4590,179,565
XAOP,4590,179,566
XAOP,4590,179,571
XAOP,4590,179,572
XAOP,4590,179,574
XAOP,4590,179,575
XAOP,4590,179,580
XAOP,4590,179,581
XAOP,4590,179,583
XAOP,4590,179,585
XAOP,4590,179,586
XAOP,4590,179,588
XAOP,4590,179,589
XAOP,4590,179,590
XAOP,4590,179,591
XAOP,4590,179,594
XAOP,4590,179,597
XAOP,4590,179,598
XAOP,4590,179,599
XAOP,4590,179,600
XAOP,4590,179,602
XAOP,4590,179,603
XAOP,4590,179,606
XAOP,4590,179,607
XAOP,4590,179,608
XAOP,4590,179,609
XAOP,4590,179,610
XAOP,4590,179,611
XAOP,4590,179,613
XAOP,4590,179,615
XAOP,4590,179,619
XAOP,4590,179,620
XAOP,4590,179,623
XAOP,4590,179,624
XAOP,4590,179,626
XAOP,4590,179,627
XAOP,4590,179,628
XAOP,4590,179,629
XAOP,4590,179,630
XAOP,4590,179,631
XAOP,4590,179,632
XAOP,4590,179,635
XAOP,4590,179,636
XAOP,4590,179,637
XAOP,4590,179,638
XAOP,4590,179,639
XAOP,4590,179,640
XAOP,4590,179,642
XAOP,4590,179,643
XAOP,4590,179,644
XAOP,4590,179,645
XAOP,4590,179,647
XAOP,4590,179,649
XAOP,4590,179,650
XAOP,4590,179,652
XAOP,4590,179,653
XAOP,4590,179,656
XAOP,4590,179,657
XAOP,4590,179,659
XAOP,4590,179,660
XAOP,4590,179,663
XAOP,4590,179,664
XAOP,4590,179,666
XAOP,4590,179,667
XAOP,4590,179,669
XAOP,4590,179,670
XAOP,4590,179,672
XAOP,4590,179,673
XAOP,4590,179,674
XAOP,4590,179,675
XAOP,4590,179,677
XAOP,4590,179,678
XAOP,4590,179,679
XAOP,4590,179,682
XAOP,4590,179,683
XAOP,4590,179,684
XAOP,4590,179,685
XAOP,4590,179,686
XAOP,4590,179,687
XAOP,4590,179,688
XAOP,4590,179,689
XAOP,4590,179,690
XAOP,4590,179,691
XAOP,4590,179,692
XAOP,4590,179,693
XAOP,4590,179,694
XAOP,4590,179,695
XAOP,4590,179,696
XAOP,4590,179,698
XAOP,4590,179,699
XAOP,4590,179,704
XAOP,4590,179,707
XAOP,4590,179,709
XAOP,4590,179,711
XAOP,4590,179,712
XAOP,4590,179,713
XAOP,4590,179,718
XAOP,4590,179,719
XAOP,4590,179,720
XAOP,4590,179,721
XAOP,4590,179,722
XAOP,4590,179,725
XAOP,4590,179,726
XAOP,4590,179,727
XAOP,4590,179,728
XAOP,4590,179,730
XAOP,4590,179,733
XAOP,4590,179,734
XAOP,4590,179,736
XAOP,4590,179,737
XAOP,4590,179,738
XAOP,4590,179,740
XAOP,4590,179,741
XAOP,4590,179,742
XAOP,4590,179,743
XAOP,4590,179,745
XAOP,4590,179,746
XAOP,4590,179,748
XAOP,4590,179,749
XAOP,4590,179,751
XAOP,4590,179,752
XAOP,4590,179,753
XAOP,4590,179,755
XAOP,4590,179,756
XAOP,4590,179,757
XAOP,4590,179,759
XAOP,4590,179,760
XAOP,4590,179,761
XAOP,4590,179,762
XAOP,4590,179,766
XAOP,4590,179,767
XAOP,4590,179,768
XAOP,4590,179,769
XAOP,4590,179,770
XAOP,4590,179,771
XAOP,4590,179,774
XAOP,4590,179,775
XAOP,4590,179,784
XAOP,4590,179,785
XAOP,4590,179,787
XAOP,4590,179,788
XAOP,4590,179,789
XAOP,4590,179,792
XAOP,4590,179,793
XAOP,4590,179,794
XAOP,4590,179,797
XAOP,4590,179,799
XKAE,3480,261,16
XKAE,3480,261,20
XKAE,3480,261,52
XKAE,3480,261,80
XKAE,3480,261,85
XKAE,3480,261,90
XKAE,3480,261,124
XKAE,3480,261,133
XKAE,3480,261,138
XKAE,3480,261,160
XKAE,3480,261,191
XKAE,3480,261,202
XKAE,3480,261,211
XKAE,3480,261,230
XKAE,3480,261,234
XKAE,3480,261,241
XKAE,3480,261,258
XKAE,3480,261,278
XKAE,3480,261,289
XKAE,3480,261,294
XKAE,3480,261,298
XKAE,3480,261,308
XKAE,3480,261,337
XKAE,3480,261,357
XKAE,3480,261,375
XKAE,3480,261,387
XKAE,3480,261,398
XKAE,3480,261,400
XKAE,3480,261,401
XKAE,3480,261,405
XKAE,3480,261,426
XKAE,3480,261,458
XKAE,3480,261,477
XKAE,3480,261,481
XKAE,3480,261,487
XKAE,3480,261,489
XKAE,3480,261,490
XKAE,3480,261,503
XKAE,3480,261,508
XKAE,3480,261,548
XKAE,3480,261,550
XKAE,3480,261,573
XKAE,3480,261,583
XKAE,3480,261,591
XKAE,3480,261,597
XKAE,3480,261,698
XKAE,3480,261,701
XKAE,3480,261,706
XKAE,3480,261,712
XKAE,3480,261,714
XKAE,3480,261,718
XKAE,3480,261,739
XKAE,3480,261,751
XKAE,3480,261,759
